条件ID	判定レベル	実装マイルストーン	確認する画面	操作（何をすると起きるか）	合格基準（定量）	検証ID	確認方法	リリース影響	判定（合格/不合格/未実装）	実測値・所見	確認日	確認者
AC-02	L1 MVP必須	実装M1 データ基盤	設定変更履歴一覧	移行後に設定履歴を全件出力する	適用日付がNULLの行=0件	T-Z02	操作で確認	不可				
AC-04	L1 MVP必須	実装M1 データ基盤	従業員詳細 → 従業員一覧	単位給与額を変更し、適用日付＝翌月1日で保存する	当日時点での反映=0件（一覧は旧値のまま）	T-D04 C-006	操作で確認	不可				
AC-06	L1 MVP必須	実装M1 データ基盤	従業員詳細 → 従業員一覧	適用日付＝当日で保存する	反映の遅延=0（再読込で新値）	T-R02 T-R07 T-D06	操作で確認	不可				
AC-07	L1 MVP必須	実装M1 データ基盤	従業員詳細／設定履歴	設定を1回変更し、変更前後の履歴を突合する	履歴が1行増え、既存行の差分=0	T-D01 T-H01 R-01	操作＋実装レビュー	不可				
AC-08	L1 MVP必須	実装M1 データ基盤	設定変更履歴一覧	手動編集・予約・KOT取込・ジョブカン取込の4経路で変更する	【T-H02の②】手動編集／更新予約／CSVインポート(KOT)／CSVインポート(ジョブカン)の4種すべてが記録され、絞り込みできる	T-H02	操作で確認	不可				
AC-09	L1 MVP必須	実装M1 データ基盤	設定変更履歴一覧	予約を登録し、2つの日時を比較する	【T-H02の①】予約した行で 変更反映日時 ≠ 編集日時 になる（例：反映8/1・編集6/25）	T-H02	操作で確認	不可				
AC-40	L1 MVP必須	実装M1 データ基盤	設定インポート／実績の取込結果	同じCSVを2回取り込む／同一コードが2行あるCSVを取り込む	二重登録=0件（同じ外部IDの2回目は更新となり件数が増えない）。1つの外部IDが2つの従業員IDに紐づく=0件	T-I17 R-01	操作＋実装レビュー	不可				
AC-47	L1 MVP必須	実装M1 データ基盤	従業員登録／従業員詳細	ヘルプ先店舗を複数選び、店舗ごとの交通費を入力する	選んだ店舗数ぶんの入力欄が出る（EMP-001＝2件：S02=700・S03=900）。1つにまとめられない	T-R04 R-01	操作＋実装レビュー	不可				
AC-11	L0 リリース不可	実装M2 計算エンジン	給与実績一覧（月別・実績）	店舗フィルタで5店それぞれ出力し、合計を全社と突合する	店舗5店の合計 − 全社 = 0円（1,561,312円）	S-02 C-005 R-04	操作＋実装レビュー	★中止				
AC-05	L1 MVP必須	実装M2 計算エンジン	従業員一覧／設定履歴	適用日をまたぐ（またはバッチ実行後に）再表示する	適用日00:00以降に新値・ステータスが「適用中」	T-D05	操作で確認	不可				
AC-10	L1 MVP必須	実装M2 計算エンジン	給与実績一覧（月別・実績）	2026-05の実績を出力し、確定した算式で全行を検算する	全行で差分=0円（実績給与 EMP-001=357,600／EMP-002=300,250／EMP-003=154,300／EMP-005=407,912／EMP-007=341,250）	S-02 S-03 T-A02 T-A05 C-001 C-003 C-013	操作で確認	不可				
AC-12	L1 MVP必須	実装M2 計算エンジン	給与実績一覧（月別・概算）	EMP-001を2026-06-11から340,000へ改定する	350,727円（320,000×8/22＋340,000×14/22＝332,727 ＋ 月額交通費18,000。判断23）	S-02 C-006	操作で確認	不可				
AC-13	L1 MVP必須	実装M2 計算エンジン	給与実績一覧（月別・概算）	EMP-003（時給1,200・所定120h）を確認する	153,000円（1,200×所定120h ＋ 日額交通費600×想定労働日数15。判断23。差分0）	C-011	操作で確認	不可				
AC-14	L1 MVP必須	実装M2 計算エンジン	給与実績一覧（日別）／月別	EMP-001の5/8（S02・11h）を確認する	按分額が （概算給与＋深夜残業代＋みなし超過残業代）×ヘルプ時間÷総労働時間 と一致し、そこにヘルプ先の交通費を加えた額がヘルプ人件費になる（差分0円）	C-003 C-013	操作で確認	不可				
AC-15	L1 MVP必須	実装M2 計算エンジン	給与実績一覧（月別・日別）／従業員別 給与実績	EMP-001（通勤18,000／S02=700・S03=900）を確認する	実績給与＝概算給与＋深夜残業代＋みなし超過残業代＋所属店舗の交通費＋ヘルプ先の交通費（差分0円）。ヘルプ先の交通費は応援先に計上され、店舗別合計＝全社（差0円）	S-02 T-R04 C-017	操作で確認	不可				
AC-16	L0 リリース不可	実装M3 締め	給与実績一覧（月別）	2026-05を締めた後、過去日の給与改定を保存し、勤怠も再取込する	当月の実績給与・総労働時間の差分=0円	T-S03 T-S04 C-008 R-02	操作＋実装レビュー	★中止				
AC-17	L1 MVP必須	実装M3 締め	給与実績一覧（月別）	締めを解除する	解除後の実績給与＝改定を反映した計算値（差分0円）	C-008	操作で確認	不可				
AC-18	L1 MVP必須	実装M3 締め	給与実績一覧	月別実績タブと日別実績タブを開く	日別タブでの表示=0	T-S01	操作で確認	条件付きGo可				
AC-19	L1 MVP必須	実装M3 締め	給与実績一覧（月別）	締め・締め解除をそれぞれ実行する	確認モーダル=各1回	T-S03 T-S05	操作で確認	条件付きGo可				
AC-20	L1 MVP必須	実装M3 締め	従業員詳細	締め済み期間内の適用日付で保存を試みる	警告なしの保存=0件	T-D07	操作で確認	不可				
AC-41	L1 MVP必須	実装M3 締め	給与実績一覧（月別）	店長スコープのアカウントで締めを試みる	店長での締め実行=0件（ボタン非表示または拒否）	T-S07 R-02	操作＋実装レビュー	不可				
AC-21	L1 MVP必須	実装M4 画面・入出力	設定インポート	data/07（KOT・3行）を取り込む	取込成功=3行	T-I02 T-I03	操作で確認	不可				
AC-22	L1 MVP必須	実装M4 画面・入出力	設定インポート	data/08（ジョブカン・3行）を取り込む	取込成功=3行	T-I04 R-05	操作＋実装レビュー	不可				
AC-23	L1 MVP必須	実装M4 画面・入出力	設定インポート	data/09（異常4行）を取り込む	4行すべて検出（見逃し=0）	T-I05 R-03	操作＋実装レビュー	不可				
AC-24	L1 MVP必須	実装M4 画面・入出力	列マッピングテンプレート	テンプレートを保存し、インポートで選択する	保存済みテンプレート選択時の手入力=0項目。「全解除」で取込チェックが一括で外れる	T-I09 R-05	操作＋実装レビュー	条件付きGo可				
AC-25	L1 MVP必須	実装M4 画面・入出力	設定・実績エクスポート	項目を3つだけ選んで出力する	出力の列＝チェックした項目（過不足=0列）	T-E04 T-E09	操作で確認	不可				
AC-26	L1 MVP必須	実装M4 画面・入出力	設定・実績エクスポート	従業員設定＋給与設定を両方選んで出力する	ファイル数=2	T-E04	操作で確認	条件付きGo可				
AC-27	L1 MVP必須	実装M4 画面・入出力	設定・実績エクスポート	種別・対象・項目を未選択のまま出力する	未選択での出力=0件	T-E07	操作で確認	条件付きGo可				
AC-28	L1 MVP必須	実装M4 画面・入出力	設定・実績エクスポート	出力したCSVをExcelで開く	文字化け=0箇所	T-E08	操作で確認	不可				
AC-29	L1 MVP必須	実装M4 画面・入出力	サイドバー	PC（ホバー）とモバイル（アコーディオン）で開く	欠落=0	T-Z04	操作で確認	不可				
AC-30	L1 MVP必須	実装M4 画面・入出力	全画面	仕様書 第2部の遷移75本を順に押す	不通=0	T-L06 T-R07 T-D08 T-H04 T-I02 T-I09 T-E04 T-N03 T-Z05	操作で確認	不可				
AC-33	L1 MVP必須	実装M4 画面・入出力	従業員一覧／設定履歴	店舗・雇用区分・名前・月・取込データで絞り込む	各条件で絞り込みが効く（無反応=0）	T-L08 T-H04	操作で確認	条件付きGo可				
AC-34	L1 MVP必須	実装M4 画面・入出力	従業員一覧／従業員詳細	削除アイコン・従業員削除で、キャンセルと実行の両方を試す	確認なしの削除=0件、キャンセル時の削除=0件	T-L10 T-D08	操作で確認	不可				
AC-35	L1 MVP必須	実装M4 画面・入出力	従業員詳細（給与実績）	詳細の月次・日次と給与実績一覧を並べて突合する	同一従業員・同一月で差分=0円	R-04	操作＋実装レビュー	条件付きGo可				
AC-36	L1 MVP必須	実装M4 画面・入出力	給与実績一覧／設定履歴／従業員別 給与実績	フィルタを適用した状態でCSV出力する	出力の行・列＝画面の表示（差分0）	T-P01 T-H04 T-A07	操作で確認	条件付きGo可				
AC-37	L1 MVP必須	実装M4 画面・入出力	設定インポート	先頭に説明行が2行あるCSVを取り込む	取込成功=全行	T-I11	操作で確認	条件付きGo可				
AC-39	L1 MVP必須	実装M4 画面・入出力	設定の取込結果／実績の取込結果	取込後に画面を開く	設定・実績とも参照可能	T-N01	操作で確認	条件付きGo可				
AC-42	L1 MVP必須	実装M4 画面・入出力	設定インポート	異常行を含むCSVを取り込み、取込後の一覧と履歴を確認する	部分登録の残存=0件	T-I18 R-03	操作＋実装レビュー	不可				
AC-43	L1 MVP必須	実装M4 画面・入出力	従業員登録	必須項目を個別に空にして登録する	未入力での登録成功=0件、遷移=0件	T-R10 R-03	操作＋実装レビュー	不可				
AC-01	L0 リリース不可	実装M5 移行	従業員一覧	移行を実施し、移行前後の一覧をCSVで突合する	件数の増減=0／12項目の差分=0	T-L01 T-Z01 T-Z05	操作で確認	★中止				
AC-03	L0 リリース不可	実装M5 移行	給与実績一覧（月別）	移行前後に直近3か月の人件費をCSV出力して突合する	3か月とも差分=0円	T-Z03	操作で確認	★中止				
AC-31	L2 次段階	（次リリース）	給与実績一覧／従業員詳細	実績モードにして他画面を開く	他画面の表示モードが変わらない	T-A02	操作で確認	影響なし				
AC-32	L2 次段階	（次リリース）	給与実績一覧（月別）	設定が欠けた従業員がいる状態で締める	警告表示=1回	T-S03	操作で確認	影響なし				
AC-38	L2 次段階	（次リリース）	列マッピングテンプレート	テンプレートを編集・削除し、マッピング表を一括登録する	いずれも成功（失敗=0）	T-I09	操作で確認	影響なし				
AC-44	L2 次段階	（次リリース）	給与実績一覧（月別）	2セッションから同時に締める	不整合=0件	-	操作で確認	影響なし				
AC-45	L2 次段階	（次リリース）	給与実績一覧（月別）	締め解除を実行する	解除の記録=1件/回	-	操作で確認	影響なし				
AC-46	L2 次段階	（次リリース）	従業員一覧／設定インポート	50名規模のデータで表示・取込を行う	実務上支障のない時間	-	操作で確認	影響なし				
AC-48	L1 MVP必須	実装M2 計算エンジン	給与実績一覧	給与実績一覧の右上「実績データ取込」を押し、取込中モーダルが閉じたあと実績モードの列を見る	取込後に実績モードの金額が表示される（未反映=0件）。取込中は画面を操作できない	T-A08	操作で確認	不可				
AC-49	L1 MVP必須	実装M4 画面・入出力	給与実績一覧（設定編集モーダル）／従業員詳細	どの入口から設定を編集しても、適用日付と設定変更履歴が同じように記録されること	モーダル経由・詳細経由のどちらでも履歴が1行増える（記録されない編集=0件）。変更ソースも記録される。給与実績一覧の設定編集モーダルにも適用日付の入力欄があり、未来日＝予約／当日・過去＝即時／締め済み期間は警告して反映しない（従業員詳細と同じ規則。食い違い=0件。判断32）	T-D11 T-A09 R-06	操作＋実装レビュー	不可				
AC-50	L1 MVP必須	実装M4 画面・入出力	設定の取込結果／実績の取込結果	設定の取込結果／実績の取込結果で、対象行の「プレビュー」→「前回差分表示」→「読み込み」を順に押す	プレビューで取込内容が表示される。前回差分で「前回◯◯→新規◯◯」の形式で差が表示される（差分が出ない=0件）	T-N02	操作で確認	条件付きGo可				
AC-51	L2 次段階	（次リリース）	列マッピングテンプレート	マッピング表をテンプレートでダウンロードし、行を追加・更新できること	テンプレートDL・アップロード（CSV最大10MB）・行を追加・更新する がいずれも動作（失敗=0）。10MB超は拒否	T-I19	操作で確認	影響なし				
AC-52	L1 MVP必須	実装M4 画面・入出力	従業員詳細（設定変更履歴）	従業員詳細で設定を変更して保存し、設定変更履歴の並び・列・強調・「すべての履歴」を確認する	保存直後に最上部へ表示される＝100%（並びは変更反映日時の降順）。ステータスは2列目に表示され、横スクロールなしで見える。表示は直近3件（予約中があれば必ず含む）	T-D11	操作で確認	条件付きGo可				
AC-53	L2 次段階	実装M4 画面・入出力	従業員詳細（設定変更履歴）	従業員詳細で設定を変更して保存し、設定変更履歴の並び・列・強調・「すべての履歴」を確認する	変わった項目の強調＝変更箇所と一致（過不足0件）。「すべての履歴」から設定変更履歴一覧へ遷移し、その従業員で絞り込まれた状態で開く（絞り込みなしでの遷移=0件）	T-D11	操作で確認	影響なし				
AC-54	L1 MVP必須	実装M4 画面・入出力	従業員別 給与実績	従業員詳細の「すべての実績」から従業員別 給与実績を開き、年月範囲と給与計算モードで絞ってCSV出力する	年月の範囲指定で年をまたいで表示できる（またげない=0件）。月次・日次の両タブで表示中の内容がそのままCSVに出る（画面の行数との差=0件）。給与計算モードの切替が月次で効く	T-D09 T-P01	操作で確認	不可				
AC-55	L0 リリース不可	実装M1 データ基盤	従業員一覧／従業員詳細	外部ID体系の異なるCSVを取り込み、従業員IDへの紐づけと履歴・実績の継続を確認する	従業員IDが無い従業員=0件。外部IDを変更しても、その従業員の設定変更履歴と過去月の実績が変わらない（差分0円・0件）	T-I20 T-Z02 R-01	操作＋実装レビュー	★中止				
AC-56	L1 MVP必須	実装M4 画面・入出力	列マッピングテンプレート／設定インポート	外部ID体系の異なるCSVを取り込み、従業員IDへの紐づけと履歴・実績の継続を確認する	1名が複数の勤怠システムの外部IDを持てる（E0001＝King of Time 1001／ジョブカン JB-001）。対応表に無い外部IDは取り込まれず、件数と理由が表示される（黙って登録=0件）	T-I17 T-I20	操作で確認	不可				
AC-57	L1 MVP必須	実装M4 画面・入出力	給与実績一覧（月別）／従業員別 給与実績／従業員詳細（給与実績）／設定・実績エクスポート	3画面で概算⇄実績を切り替え（月別・日別とも）、想定給与・給与実績差分の表示と、取込前の概算表示を確認する	月別は概算⇄実績を切り替えられ、実績モードで 想定給与・給与・給与実績差分 が表示される（差分＝給与−想定給与、計算違い0件）。日別も概算⇄実績を切り替えられ、実績モードで想定給与・給与実績差分が表示される（欠落=0件。概算の日別はAC-60）。実績データ取込の前でも概算モードで金額が表示される（空欄=0件）。エクスポートの実績項目に給与実績差分が選べる。概算モードで表示するのは実績データが無くても値が決まる列だけ（名前・日時/年月・雇用区分・所属店舗・給与単位・単位給与額・想定労働日数・想定労働時間/想定勤務時間・みなし労働時間・想定給与）。給与・給与実績差分・勤務日数・総労働時間/勤務時間・各差分・所属店舗労働時間・ヘルプ先店舗・ヘルプ時間・ヘルプ人件費・深夜残業時間・深夜残業代は実績モードのみ（判断22。3画面6タブで同じ）（食い違う列=0件）。想定給与に所属店舗の交通費が含まれ、ヘルプ先の交通費は含まれない（判断23）。時給者の日次には想定給与・給与実績差分を出さない（判断27）	T-D09 T-P02 T-A02 T-A05 T-E09	操作で確認	不可				
AC-58	L2 次段階	実装M4 画面・入出力	従業員一覧	従業員一覧を店舗で絞り、「この店舗の給与実績一覧へ」「この店舗の設定変更履歴へ」を押す	店舗で絞った状態から2経路とも到達し、遷移先が同じ店舗で絞り込まれている（絞り込みが引き継がれない=0件）	T-L06	操作で確認	影響なし				
AC-59	L1 MVP必須	実装M2 計算エンジン	従業員登録／従業員詳細／給与実績一覧	勤怠実績を取り込んだ状態で、想定労働日数を未入力／入力ありの両方で月次の想定給与を確認する	想定労働日数は月給者・時給者とも使う。想定労働日数の既定値は直近3か月の平均出勤日数（勤怠取込の打刻）。入力があればそちらが優先。打刻が無いときだけ月給者は所属店舗の営業日数を使う（判断28）。解決できない従業員=0件。想定給与＝基本給の想定＋所属店舗の交通費（交通費単位が日額なら 単位交通費×想定労働日数）。ヘルプ先の交通費は含めない。日次の想定給与＝月給者は月次の想定給与÷想定労働日数／時給者は単位給与額×その日の想定勤務時間＋その日ぶんの交通費（判断25）。計算違い0件。想定労働日数は日額交通費の月次換算（単位交通費×想定労働日数）と、月給者の日次按分に使う。時給者の日次は想定勤務時間・想定給与・給与実績差分を出さず「—」にする。日次の給与（実績）は出す。月次は出す（判断27）	C-018	操作で確認	不可				
AC-60	L1 MVP必須	実装M2 計算エンジン	給与実績一覧 日別実績	給与実績一覧の日別実績タブで、給与計算モードを「概算」に切り替える	日別タブに概算／実績の切替がある。概算モードの1日あたり＝月次の概算給与÷当月の営業日数（営業日は所属店舗の休業日設定から求める）。当月の全営業日に行が出て、日別の合計が月次の概算給与と1円の差もなく一致する（端数は最大剰余）	C-019	操作で確認	不可				
AC-61	L1 MVP必須	実装M4 画面・入出力	従業員詳細（設定変更履歴）／設定変更履歴一覧	設定変更履歴で 予約中／適用中／過去 の各行の操作ボタンを見る。適用済みの行に対しAPIを直接呼ぶ	予約中の行にだけ編集・削除ボタンが出る。適用中・過去の行は表示ボタンのみ（編集・削除ボタン=0件）。APIを直接呼んでも適用済みの履歴は更新・削除できない（成功=0件）。設定変更履歴一覧にも操作列があり同じ規則で出る（判断29）	T-D12 R-02	操作＋実装レビュー	不可				
AC-62	L1 MVP必須	実装M2 計算エンジン	給与実績一覧（月別・日別）	交通費を設定していない従業員（data/12のEMP-015）と、打刻漏れのある日を含む月で金額を見る	交通費が設定されていない従業員は交通費0円で計算され、金額が表示される（空欄=0件）。出退勤の打刻漏れがある日は出勤日に数えず日次の行も作らない。エラーの絞り込み（交通費欠損・出退勤打刻漏れ）でその行だけを抽出できる（判断30）	T-A10	操作で確認	条件付きGo可				
AC-63	L1 MVP必須	実装M4 画面・入出力	従業員一覧／従業員詳細／給与実績一覧	従業員の在籍状態を「退職」にして一覧と給与実績一覧の過去月を見る。実績のある従業員を削除しようとする	在籍状態を「退職」にすると従業員一覧から外れる。給与実績一覧の過去月にはその従業員が出続け、金額が1円も変わらない。設定変更履歴も残る。実績が1件でもある従業員は削除できない（削除成功=0件）。実績が無い従業員は削除できる（判断31）	T-D13 R-03	操作＋実装レビュー	不可				
